external_id,match_date,opponent,goals,assists,tackles,distance_covered,speed,shots,pass_accuracy,minutes_played
p001,2026-01-08,Opponent 1,1,0,1,10.05,26.5,3,74.81,70
p001,2026-01-15,Opponent 2,2,0,7,9.46,30.85,3,71.18,85
p001,2026-01-22,Opponent 3,0,0,4,11.02,35.58,3,84.11,60
p001,2026-01-29,Opponent 4,0,0,0,13.42,33.27,3,77.63,75
p001,2026-02-05,Opponent 5,0,0,2,12.13,24.89,6,86.93,80
p001,2026-02-12,Opponent 6,1,0,7,9.72,32.03,4,88.97,90
p001,2026-02-19,Opponent 7,1,0,5,12.59,32.66,6,90.05,75
p001,2026-02-26,Opponent 8,0,0,1,10.14,26.42,6,82.36,85
p001,2026-03-05,Opponent 9,0,1,4,10.74,26.44,4,72.0,75
p001,2026-03-12,Opponent 10,0,1,5,11.3,34.46,3,75.68,80
p001,2026-03-19,Opponent 11,1,1,6,12.94,27.27,2,81.1,80
p001,2026-03-26,Opponent 12,0,0,5,10.56,29.01,4,88.0,70
p002,2026-01-08,Opponent 1,0,1,7,10.85,28.85,5,95.27,80
p002,2026-01-15,Opponent 2,0,0,2,9.31,27.42,0,76.94,70
p002,2026-01-22,Opponent 3,0,0,4,9.57,31.61,5,73.77,80
p002,2026-01-29,Opponent 4,0,0,6,11.53,33.14,2,76.3,90
p002,2026-02-05,Opponent 5,0,0,5,9.89,33.8,0,73.92,75
p002,2026-02-12,Opponent 6,0,0,3,9.46,26.64,1,83.31,75
p002,2026-02-19,Opponent 7,0,0,0,11.65,28.64,1,91.78,75
p002,2026-02-26,Opponent 8,0,0,6,10.75,32.35,6,87.16,70
p002,2026-03-05,Opponent 9,1,0,0,8.06,34.77,4,92.95,60
p002,2026-03-12,Opponent 10,0,0,7,12.88,34.65,0,86.69,75
p002,2026-03-19,Opponent 11,2,0,7,8.11,31.96,4,77.38,90
p002,2026-03-26,Opponent 12,0,0,7,13.47,26.11,3,76.17,85
p003,2026-01-08,Opponent 1,0,0,7,12.6,31.89,0,84.11,75
p003,2026-01-15,Opponent 2,0,0,5,11.04,35.75,2,93.19,75
p003,2026-01-22,Opponent 3,0,0,0,10.96,29.91,4,75.98,75
p003,2026-01-29,Opponent 4,0,0,7,8.56,35.29,4,77.27,90
p003,2026-02-05,Opponent 5,0,0,7,9.48,30.63,6,95.05,60
p003,2026-02-12,Opponent 6,0,0,7,12.61,27.8,1,84.48,90
p003,2026-02-19,Opponent 7,0,0,7,8.75,32.05,6,73.64,75
p003,2026-02-26,Opponent 8,0,0,7,11.68,32.43,6,77.63,70
p003,2026-03-05,Opponent 9,1,1,0,11.27,26.33,5,90.69,80
p003,2026-03-12,Opponent 10,1,0,7,10.97,24.43,0,74.03,90
p003,2026-03-19,Opponent 11,0,0,5,9.0,24.47,6,79.36,80
p003,2026-03-26,Opponent 12,0,1,3,11.24,25.02,4,75.05,90
p004,2026-01-08,Opponent 1,0,0,3,8.3,35.63,1,78.4,60
p004,2026-01-15,Opponent 2,0,0,1,7.97,24.3,4,72.1,60
p004,2026-01-22,Opponent 3,0,0,1,8.44,27.0,5,72.44,60
p004,2026-01-29,Opponent 4,0,0,7,10.6,31.89,4,85.9,75
p004,2026-02-05,Opponent 5,0,0,4,8.22,28.1,3,71.2,60
p004,2026-02-12,Opponent 6,0,1,7,8.09,29.9,6,79.0,90
p004,2026-02-19,Opponent 7,0,0,1,13.19,34.64,3,79.74,70
p004,2026-02-26,Opponent 8,1,0,4,8.48,24.85,6,94.55,80
p004,2026-03-05,Opponent 9,0,1,1,10.94,25.54,4,84.19,85
p004,2026-03-12,Opponent 10,0,1,2,8.67,24.83,6,79.81,85
p004,2026-03-19,Opponent 11,0,0,0,11.43,28.62,1,70.61,70
p004,2026-03-26,Opponent 12,0,0,1,11.68,31.55,4,71.02,60
p005,2026-01-08,Opponent 1,1,0,0,10.91,30.91,2,80.73,70
p005,2026-01-15,Opponent 2,0,0,6,13.08,34.3,0,87.68,60
p005,2026-01-22,Opponent 3,0,0,0,10.53,33.92,5,77.74,75
p005,2026-01-29,Opponent 4,0,0,0,12.58,28.26,3,94.7,80
p005,2026-02-05,Opponent 5,0,0,4,8.05,31.23,3,87.49,80
p005,2026-02-12,Opponent 6,2,3,2,12.83,28.21,1,95.18,60
p005,2026-02-19,Opponent 7,1,0,6,10.06,26.67,0,91.37,70
p005,2026-02-26,Opponent 8,0,0,5,13.42,28.49,0,92.89,60
p005,2026-03-05,Opponent 9,2,0,6,10.39,28.54,6,81.03,70
p005,2026-03-12,Opponent 10,0,0,4,7.57,29.62,1,89.27,85
p005,2026-03-19,Opponent 11,1,0,3,13.27,28.5,0,72.16,60
p005,2026-03-26,Opponent 12,0,1,7,10.84,27.87,5,94.04,80
p006,2026-01-08,Opponent 1,0,0,3,7.95,25.99,0,88.09,60
p006,2026-01-15,Opponent 2,0,0,7,11.92,34.98,1,94.71,90
p006,2026-01-22,Opponent 3,0,0,7,8.52,31.76,1,75.96,80
p006,2026-01-29,Opponent 4,0,2,0,9.18,28.93,4,87.8,85
p006,2026-02-05,Opponent 5,0,0,5,13.2,32.71,6,93.9,70
p006,2026-02-12,Opponent 6,2,0,0,12.17,29.76,6,73.91,85
p006,2026-02-19,Opponent 7,1,1,0,10.31,28.98,0,70.36,90
p006,2026-02-26,Opponent 8,0,0,4,13.48,30.67,4,88.88,70
p006,2026-03-05,Opponent 9,1,0,5,9.01,27.3,3,75.94,60
p006,2026-03-12,Opponent 10,1,0,6,11.53,30.24,5,91.62,70
p006,2026-03-19,Opponent 11,1,0,5,12.25,31.08,6,70.75,85
p006,2026-03-26,Opponent 12,0,0,2,12.92,31.41,1,79.12,70
p007,2026-01-08,Opponent 1,0,0,2,12.92,28.18,5,81.72,80
p007,2026-01-15,Opponent 2,0,0,0,13.2,25.76,0,82.8,80
p007,2026-01-22,Opponent 3,0,0,5,10.46,27.95,2,85.07,75
p007,2026-01-29,Opponent 4,0,0,6,11.01,28.8,3,74.73,60
p007,2026-02-05,Opponent 5,1,0,1,11.11,26.69,4,74.39,80
p007,2026-02-12,Opponent 6,0,0,5,8.22,29.53,1,93.25,60
p007,2026-02-19,Opponent 7,0,0,0,8.05,29.77,5,72.13,90
p007,2026-02-26,Opponent 8,0,0,0,9.16,33.67,0,85.53,80
p007,2026-03-05,Opponent 9,0,0,5,8.92,33.12,5,82.03,85
p007,2026-03-12,Opponent 10,0,0,2,11.78,34.74,5,89.49,80
p007,2026-03-19,Opponent 11,0,0,2,9.88,25.26,6,79.81,70
p007,2026-03-26,Opponent 12,0,1,5,8.22,34.69,3,82.32,70
p008,2026-01-08,Opponent 1,1,0,6,11.92,30.69,0,84.68,70
p008,2026-01-15,Opponent 2,0,0,1,11.15,26.93,2,95.65,85
p008,2026-01-22,Opponent 3,1,0,5,8.98,25.93,2,72.29,90
p008,2026-01-29,Opponent 4,0,1,2,7.61,32.36,6,93.31,80
p008,2026-02-05,Opponent 5,2,0,7,11.84,33.85,1,84.48,70
p008,2026-02-12,Opponent 6,0,0,5,13.31,32.53,3,83.2,60
p008,2026-02-19,Opponent 7,0,0,5,9.23,30.97,2,94.23,85
p008,2026-02-26,Opponent 8,0,0,1,10.23,30.58,1,95.74,85
p008,2026-03-05,Opponent 9,0,0,6,11.59,33.12,2,82.3,90
p008,2026-03-12,Opponent 10,0,0,0,12.6,32.95,1,73.23,75
p008,2026-03-19,Opponent 11,1,0,7,11.83,24.58,4,73.63,60
p008,2026-03-26,Opponent 12,1,1,2,11.49,30.28,3,78.22,70
p009,2026-01-08,Opponent 1,0,1,5,12.9,31.49,0,89.44,60
p009,2026-01-15,Opponent 2,0,1,5,7.9,26.75,6,73.04,90
p009,2026-01-22,Opponent 3,0,0,1,8.34,33.53,4,82.88,90
p009,2026-01-29,Opponent 4,2,0,4,12.17,25.72,3,84.82,70
p009,2026-02-05,Opponent 5,0,0,5,12.43,25.33,3,81.88,80
p009,2026-02-12,Opponent 6,0,1,6,9.95,33.26,2,86.67,75
p009,2026-02-19,Opponent 7,0,0,2,9.57,26.18,1,78.91,90
p009,2026-02-26,Opponent 8,0,0,5,11.19,34.94,5,72.62,60
p009,2026-03-05,Opponent 9,0,2,3,12.24,24.28,6,73.97,80
p009,2026-03-12,Opponent 10,0,0,2,11.92,35.21,5,93.68,60
p009,2026-03-19,Opponent 11,0,2,0,9.49,27.74,2,85.37,85
p009,2026-03-26,Opponent 12,0,0,1,12.32,24.06,0,72.97,80
p010,2026-01-08,Opponent 1,0,1,1,10.39,35.02,2,70.85,75
p010,2026-01-15,Opponent 2,0,0,6,8.49,24.41,0,79.42,75
p010,2026-01-22,Opponent 3,0,0,4,10.59,35.71,0,73.87,90
p010,2026-01-29,Opponent 4,1,0,6,11.07,24.8,6,81.1,75
p010,2026-02-05,Opponent 5,0,0,0,7.72,29.66,2,71.71,90
p010,2026-02-12,Opponent 6,1,0,0,9.9,30.72,6,72.68,85
p010,2026-02-19,Opponent 7,0,0,1,9.12,31.73,3,90.82,80
p010,2026-02-26,Opponent 8,2,0,2,8.89,32.06,4,85.47,60
p010,2026-03-05,Opponent 9,1,0,6,11.82,33.66,5,85.68,90
p010,2026-03-12,Opponent 10,1,0,4,9.94,27.89,1,70.34,60
p010,2026-03-19,Opponent 11,0,0,4,12.76,31.72,1,93.21,85
p010,2026-03-26,Opponent 12,0,0,1,9.68,24.41,3,86.23,90
p011,2026-01-08,Opponent 1,1,1,1,12.08,25.68,1,84.71,75
p011,2026-01-15,Opponent 2,2,0,5,11.95,32.39,0,76.71,90
p011,2026-01-22,Opponent 3,0,0,1,10.65,26.06,6,87.76,90
p011,2026-01-29,Opponent 4,1,0,5,7.9,28.86,5,91.57,85
p011,2026-02-05,Opponent 5,0,0,0,9.1,32.79,1,85.61,60
p011,2026-02-12,Opponent 6,0,0,0,10.01,28.6,1,80.97,70
p011,2026-02-19,Opponent 7,0,0,2,8.04,33.25,4,80.12,75
p011,2026-02-26,Opponent 8,0,0,6,11.16,35.39,6,87.26,90
p011,2026-03-05,Opponent 9,0,0,1,7.69,27.15,2,91.88,60
p011,2026-03-12,Opponent 10,0,0,1,11.24,29.69,0,71.95,60
p011,2026-03-19,Opponent 11,0,0,7,10.11,26.96,2,72.02,80
p011,2026-03-26,Opponent 12,0,0,1,8.12,27.78,2,93.85,85
p012,2026-01-08,Opponent 1,1,0,3,10.75,34.48,6,90.97,85
p012,2026-01-15,Opponent 2,0,1,0,11.38,32.32,0,94.55,70
p012,2026-01-22,Opponent 3,0,1,5,12.99,24.41,4,89.01,75
p012,2026-01-29,Opponent 4,3,1,1,10.63,31.73,5,85.5,75
p012,2026-02-05,Opponent 5,0,0,2,11.68,28.08,6,80.52,60
p012,2026-02-12,Opponent 6,0,0,4,11.26,34.63,1,92.79,70
p012,2026-02-19,Opponent 7,0,1,6,8.61,28.61,2,71.82,90
p012,2026-02-26,Opponent 8,0,0,4,7.73,29.76,3,95.59,70
p012,2026-03-05,Opponent 9,0,0,3,11.93,26.87,2,82.15,90
p012,2026-03-12,Opponent 10,1,0,7,7.61,35.85,0,72.85,60
p012,2026-03-19,Opponent 11,0,0,1,12.29,27.11,3,80.86,90
p012,2026-03-26,Opponent 12,0,2,3,8.89,35.31,6,75.99,75
p013,2026-01-08,Opponent 1,0,0,1,9.8,24.44,1,90.27,90
p013,2026-01-15,Opponent 2,1,0,0,13.07,35.94,4,76.77,75
p013,2026-01-22,Opponent 3,1,0,7,10.28,31.48,4,83.96,60
p013,2026-01-29,Opponent 4,2,0,2,8.28,34.66,0,92.16,70
p013,2026-02-05,Opponent 5,1,0,2,9.19,27.03,5,76.75,85
p013,2026-02-12,Opponent 6,0,0,4,8.82,32.2,4,95.78,70
p013,2026-02-19,Opponent 7,0,0,4,12.94,30.86,1,84.14,85
p013,2026-02-26,Opponent 8,0,1,7,8.97,25.89,0,78.68,85
p013,2026-03-05,Opponent 9,0,0,6,11.69,26.27,4,92.9,70
p013,2026-03-12,Opponent 10,0,1,7,9.51,32.92,6,70.03,70
p013,2026-03-19,Opponent 11,1,0,7,8.0,27.92,0,86.43,70
p013,2026-03-26,Opponent 12,0,0,2,8.27,27.4,6,84.07,70
p014,2026-01-08,Opponent 1,0,0,5,12.02,33.47,3,87.89,70
p014,2026-01-15,Opponent 2,1,0,0,10.99,28.15,1,71.94,70
p014,2026-01-22,Opponent 3,3,0,4,9.8,24.79,0,78.41,75
p014,2026-01-29,Opponent 4,0,0,1,9.14,35.97,0,72.66,60
p014,2026-02-05,Opponent 5,0,1,3,12.54,33.27,3,87.02,75
p014,2026-02-12,Opponent 6,2,0,6,10.02,31.66,5,89.76,85
p014,2026-02-19,Opponent 7,1,1,4,8.7,34.42,3,84.63,80
p014,2026-02-26,Opponent 8,0,1,0,8.05,25.84,2,91.96,80
p014,2026-03-05,Opponent 9,0,1,7,13.03,31.4,5,82.01,90
p014,2026-03-12,Opponent 10,0,0,3,8.99,30.7,0,74.18,90
p014,2026-03-19,Opponent 11,0,0,7,10.1,35.81,0,70.3,70
p014,2026-03-26,Opponent 12,0,0,6,11.1,27.5,4,89.68,80
p015,2026-01-08,Opponent 1,1,0,7,8.38,25.23,5,73.7,90
p015,2026-01-15,Opponent 2,0,0,1,12.15,35.29,0,83.46,60
p015,2026-01-22,Opponent 3,1,1,6,8.3,30.81,5,88.02,70
p015,2026-01-29,Opponent 4,0,0,7,11.32,32.48,5,85.46,60
p015,2026-02-05,Opponent 5,0,0,1,13.11,35.37,3,90.84,90
p015,2026-02-12,Opponent 6,0,0,2,12.87,30.57,1,90.38,75
p015,2026-02-19,Opponent 7,0,0,5,7.99,24.72,6,86.91,60
p015,2026-02-26,Opponent 8,1,1,7,12.73,29.2,2,74.2,90
p015,2026-03-05,Opponent 9,1,2,1,9.92,26.65,5,70.8,60
p015,2026-03-12,Opponent 10,1,1,7,10.05,28.15,3,89.96,80
p015,2026-03-19,Opponent 11,0,1,3,7.68,28.75,3,92.71,70
p015,2026-03-26,Opponent 12,1,1,4,8.76,31.48,4,89.06,75
p016,2026-01-08,Opponent 1,1,0,1,8.93,35.66,6,80.74,90
p016,2026-01-15,Opponent 2,0,0,3,9.93,31.12,6,79.34,70
p016,2026-01-22,Opponent 3,0,0,0,13.32,27.1,4,70.23,60
p016,2026-01-29,Opponent 4,1,1,2,12.8,29.3,1,81.67,80
p016,2026-02-05,Opponent 5,1,0,2,13.19,27.03,5,74.36,60
p016,2026-02-12,Opponent 6,0,0,3,10.35,34.13,3,81.61,90
p016,2026-02-19,Opponent 7,0,0,1,13.42,25.48,4,94.35,85
p016,2026-02-26,Opponent 8,0,0,4,13.1,27.79,0,85.2,80
p016,2026-03-05,Opponent 9,0,2,1,9.44,35.68,6,81.82,75
p016,2026-03-12,Opponent 10,0,0,3,8.25,25.59,3,88.32,70
p016,2026-03-19,Opponent 11,1,0,6,11.54,29.33,4,95.05,70
p016,2026-03-26,Opponent 12,0,1,5,10.48,31.41,6,84.84,80
p017,2026-01-08,Opponent 1,0,1,0,8.79,31.91,4,87.34,60
p017,2026-01-15,Opponent 2,0,0,1,11.13,27.82,0,80.58,85
p017,2026-01-22,Opponent 3,1,0,3,11.4,33.18,3,87.36,90
p017,2026-01-29,Opponent 4,2,1,5,10.77,24.07,6,86.39,70
p017,2026-02-05,Opponent 5,0,0,3,10.79,31.16,0,81.55,90
p017,2026-02-12,Opponent 6,0,0,5,11.36,33.11,0,79.87,70
p017,2026-02-19,Opponent 7,3,0,4,9.89,30.96,3,82.39,75
p017,2026-02-26,Opponent 8,1,0,2,10.63,33.87,2,70.2,85
p017,2026-03-05,Opponent 9,1,1,4,10.38,26.33,5,82.63,85
p017,2026-03-12,Opponent 10,0,0,6,10.69,30.97,1,85.87,70
p017,2026-03-19,Opponent 11,0,2,6,11.59,26.18,4,74.8,60
p017,2026-03-26,Opponent 12,0,0,3,10.05,25.04,5,84.31,85
p018,2026-01-08,Opponent 1,0,1,5,10.59,31.12,1,75.51,70
p018,2026-01-15,Opponent 2,0,0,1,12.9,28.24,1,76.65,80
p018,2026-01-22,Opponent 3,0,1,1,12.36,33.2,1,81.75,70
p018,2026-01-29,Opponent 4,0,0,3,12.68,26.6,0,74.64,85
p018,2026-02-05,Opponent 5,0,0,7,11.33,27.08,4,85.46,90
p018,2026-02-12,Opponent 6,0,0,6,11.67,28.85,5,81.59,60
p018,2026-02-19,Opponent 7,0,1,2,11.12,28.05,6,90.09,80
p018,2026-02-26,Opponent 8,0,1,7,9.7,28.12,6,71.81,60
p018,2026-03-05,Opponent 9,1,0,7,10.74,34.56,1,87.68,80
p018,2026-03-12,Opponent 10,0,0,5,7.81,28.54,5,84.5,70
p018,2026-03-19,Opponent 11,0,0,5,10.87,35.49,4,86.51,60
p018,2026-03-26,Opponent 12,0,0,5,10.2,33.07,0,77.82,80
p019,2026-01-08,Opponent 1,0,0,6,9.9,25.83,4,89.17,80
p019,2026-01-15,Opponent 2,0,0,3,11.24,25.07,6,92.48,85
p019,2026-01-22,Opponent 3,1,0,5,8.21,26.73,4,79.36,85
p019,2026-01-29,Opponent 4,0,0,0,9.33,28.76,6,94.5,70
p019,2026-02-05,Opponent 5,0,1,5,10.9,28.69,3,94.2,70
p019,2026-02-12,Opponent 6,0,0,5,12.77,34.42,5,73.67,80
p019,2026-02-19,Opponent 7,1,0,2,11.67,28.15,3,84.9,70
p019,2026-02-26,Opponent 8,1,2,5,12.89,33.95,3,83.07,60
p019,2026-03-05,Opponent 9,1,0,4,7.65,25.62,3,72.08,80
p019,2026-03-12,Opponent 10,1,0,5,12.76,27.33,6,86.66,85
p019,2026-03-19,Opponent 11,0,0,6,8.41,24.74,2,74.99,60
p019,2026-03-26,Opponent 12,0,1,7,9.28,29.16,0,73.7,60
p020,2026-01-08,Opponent 1,1,0,7,7.87,30.11,6,75.95,85
p020,2026-01-15,Opponent 2,0,0,3,11.43,34.18,1,73.4,80
p020,2026-01-22,Opponent 3,0,0,2,9.71,28.97,5,74.6,85
p020,2026-01-29,Opponent 4,1,0,2,10.01,33.48,4,89.77,70
p020,2026-02-05,Opponent 5,0,0,4,7.57,26.89,4,75.17,85
p020,2026-02-12,Opponent 6,1,0,3,11.38,29.99,6,73.88,90
p020,2026-02-19,Opponent 7,0,0,3,11.41,33.73,4,80.26,90
p020,2026-02-26,Opponent 8,0,1,7,12.22,27.78,0,91.03,85
p020,2026-03-05,Opponent 9,0,1,7,10.27,31.65,1,80.05,90
p020,2026-03-12,Opponent 10,0,0,3,10.2,34.59,4,89.17,60
p020,2026-03-19,Opponent 11,0,0,7,8.01,32.6,4,90.86,75
p020,2026-03-26,Opponent 12,0,1,1,10.27,35.9,3,90.14,75
p021,2026-01-08,Opponent 1,0,0,4,10.8,33.97,1,70.54,80
p021,2026-01-15,Opponent 2,1,0,0,9.79,26.47,0,76.64,80
p021,2026-01-22,Opponent 3,1,0,5,12.87,27.87,3,77.61,70
p021,2026-01-29,Opponent 4,0,0,6,10.62,31.4,1,73.33,60
p021,2026-02-05,Opponent 5,1,0,2,10.8,28.66,1,94.52,90
p021,2026-02-12,Opponent 6,1,0,0,11.37,27.43,5,92.4,60
p021,2026-02-19,Opponent 7,0,0,4,12.03,29.53,5,88.94,80
p021,2026-02-26,Opponent 8,0,0,5,13.41,35.25,4,88.93,70
p021,2026-03-05,Opponent 9,0,0,2,13.29,29.86,6,91.86,85
p021,2026-03-12,Opponent 10,0,0,0,10.55,27.57,2,73.94,90
p021,2026-03-19,Opponent 11,1,0,6,8.47,30.7,0,89.28,75
p021,2026-03-26,Opponent 12,1,0,1,11.45,27.73,4,89.06,75
p022,2026-01-08,Opponent 1,0,0,4,10.73,30.29,1,89.79,90
p022,2026-01-15,Opponent 2,1,0,4,9.71,27.92,2,91.89,90
p022,2026-01-22,Opponent 3,2,0,3,12.18,26.61,1,80.18,85
p022,2026-01-29,Opponent 4,0,0,1,11.22,28.27,0,80.08,60
p022,2026-02-05,Opponent 5,0,0,5,11.84,25.25,1,84.6,80
p022,2026-02-12,Opponent 6,0,0,5,12.33,27.24,3,78.37,90
p022,2026-02-19,Opponent 7,0,0,3,12.21,32.49,6,91.45,75
p022,2026-02-26,Opponent 8,0,0,6,11.91,26.83,6,75.74,75
p022,2026-03-05,Opponent 9,1,0,5,11.36,29.05,3,82.9,75
p022,2026-03-12,Opponent 10,0,1,6,10.93,31.05,0,84.7,70
p022,2026-03-19,Opponent 11,0,0,0,11.01,31.04,5,83.47,85
p022,2026-03-26,Opponent 12,1,1,4,12.55,26.23,0,81.31,85
p023,2026-01-08,Opponent 1,1,0,6,10.48,29.24,0,70.18,60
p023,2026-01-15,Opponent 2,0,0,3,9.89,35.07,0,94.87,90
p023,2026-01-22,Opponent 3,0,0,5,9.07,26.96,3,90.47,70
p023,2026-01-29,Opponent 4,0,0,1,12.57,27.22,0,82.68,75
p023,2026-02-05,Opponent 5,0,1,3,9.39,33.26,5,93.4,70
p023,2026-02-12,Opponent 6,1,0,7,13.12,24.63,3,90.48,90
p023,2026-02-19,Opponent 7,2,0,1,8.65,28.06,2,95.27,80
p023,2026-02-26,Opponent 8,0,0,1,11.82,29.02,0,92.12,60
p023,2026-03-05,Opponent 9,0,0,1,9.92,30.51,6,88.4,60
p023,2026-03-12,Opponent 10,0,0,1,10.41,25.99,1,87.27,60
p023,2026-03-19,Opponent 11,0,0,7,10.26,32.99,3,71.62,90
p023,2026-03-26,Opponent 12,1,0,6,10.48,28.08,4,74.28,80
p024,2026-01-08,Opponent 1,1,0,4,11.46,25.94,5,76.21,60
p024,2026-01-15,Opponent 2,0,0,0,7.66,24.78,5,78.94,80
p024,2026-01-22,Opponent 3,0,0,5,9.73,29.42,2,79.89,75
p024,2026-01-29,Opponent 4,0,0,3,10.64,27.45,3,89.69,85
p024,2026-02-05,Opponent 5,0,1,7,12.88,30.24,3,88.09,80
p024,2026-02-12,Opponent 6,0,0,4,12.94,27.32,5,73.66,60
p024,2026-02-19,Opponent 7,0,0,7,11.43,25.83,3,90.76,90
p024,2026-02-26,Opponent 8,0,1,5,9.42,35.86,4,95.59,85
p024,2026-03-05,Opponent 9,1,2,7,7.58,30.72,0,70.76,80
p024,2026-03-12,Opponent 10,1,0,4,9.52,27.56,5,84.06,75
p024,2026-03-19,Opponent 11,2,0,0,9.65,29.93,2,92.88,90
p024,2026-03-26,Opponent 12,0,0,7,8.02,32.63,2,73.69,60
p025,2026-01-08,Opponent 1,1,0,6,11.23,28.23,4,90.96,90
p025,2026-01-15,Opponent 2,1,0,7,8.14,27.78,3,87.72,90
p025,2026-01-22,Opponent 3,1,1,6,9.54,34.4,6,77.94,85
p025,2026-01-29,Opponent 4,0,0,5,12.06,34.84,0,89.92,75
p025,2026-02-05,Opponent 5,0,1,5,11.52,30.73,2,80.13,90
p025,2026-02-12,Opponent 6,0,1,2,9.98,33.63,2,80.99,60
p025,2026-02-19,Opponent 7,0,0,5,9.18,34.3,2,95.29,75
p025,2026-02-26,Opponent 8,1,0,6,11.23,30.71,3,91.56,80
p025,2026-03-05,Opponent 9,0,0,7,11.72,30.49,0,76.29,60
p025,2026-03-12,Opponent 10,0,0,2,7.95,26.72,5,89.32,80
p025,2026-03-19,Opponent 11,0,1,4,11.06,34.71,6,86.28,85
p025,2026-03-26,Opponent 12,1,0,2,13.47,34.27,6,87.13,80
p026,2026-01-08,Opponent 1,0,0,4,8.06,34.92,3,92.58,70
p026,2026-01-15,Opponent 2,1,0,6,7.99,34.93,5,90.12,60
p026,2026-01-22,Opponent 3,0,0,5,11.14,31.58,3,90.51,75
p026,2026-01-29,Opponent 4,0,0,3,8.91,33.44,2,86.96,70
p026,2026-02-05,Opponent 5,0,0,0,10.54,31.61,5,93.18,70
p026,2026-02-12,Opponent 6,0,0,1,12.94,26.87,1,95.26,85
p026,2026-02-19,Opponent 7,0,0,5,11.16,27.37,0,83.43,90
p026,2026-02-26,Opponent 8,1,1,0,9.53,33.63,0,75.68,70
p026,2026-03-05,Opponent 9,0,1,4,9.21,33.82,4,78.98,60
p026,2026-03-12,Opponent 10,0,0,5,13.46,25.58,5,74.3,80
p026,2026-03-19,Opponent 11,1,0,4,11.15,27.71,4,88.68,80
p026,2026-03-26,Opponent 12,1,0,6,11.81,33.96,0,85.7,70
p027,2026-01-08,Opponent 1,0,0,0,10.24,28.43,2,85.5,80
p027,2026-01-15,Opponent 2,1,0,0,13.15,32.02,0,86.81,75
p027,2026-01-22,Opponent 3,0,0,1,8.33,25.39,6,92.72,80
p027,2026-01-29,Opponent 4,0,0,4,7.9,30.41,1,70.3,90
p027,2026-02-05,Opponent 5,0,0,6,10.96,24.52,4,91.01,60
p027,2026-02-12,Opponent 6,1,1,1,9.92,24.93,0,77.96,70
p027,2026-02-19,Opponent 7,0,0,7,12.43,34.29,6,89.74,75
p027,2026-02-26,Opponent 8,0,0,0,7.66,28.72,6,83.3,80
p027,2026-03-05,Opponent 9,0,0,7,12.07,35.36,2,70.66,80
p027,2026-03-12,Opponent 10,0,0,6,7.93,28.92,0,72.63,85
p027,2026-03-19,Opponent 11,0,1,5,10.22,32.26,4,95.27,90
p027,2026-03-26,Opponent 12,0,0,2,8.31,25.19,5,70.8,75
p028,2026-01-08,Opponent 1,0,0,2,8.38,29.85,1,93.4,85
p028,2026-01-15,Opponent 2,0,0,2,12.83,31.24,3,84.18,85
p028,2026-01-22,Opponent 3,0,1,4,13.32,33.28,4,74.01,60
p028,2026-01-29,Opponent 4,0,0,4,12.5,29.29,1,91.5,85
p028,2026-02-05,Opponent 5,0,0,5,11.56,26.82,2,84.5,75
p028,2026-02-12,Opponent 6,0,0,4,10.16,31.51,2,75.39,85
p028,2026-02-19,Opponent 7,2,0,1,10.27,32.77,3,92.17,85
p028,2026-02-26,Opponent 8,0,0,7,11.06,31.19,5,83.87,80
p028,2026-03-05,Opponent 9,0,0,6,8.25,33.53,3,82.14,70
p028,2026-03-12,Opponent 10,1,0,7,8.06,33.06,5,85.31,70
p028,2026-03-19,Opponent 11,0,0,5,12.07,28.64,2,93.89,75
p028,2026-03-26,Opponent 12,0,2,2,11.11,31.1,6,94.86,60
p029,2026-01-08,Opponent 1,0,0,0,12.58,34.72,2,78.11,75
p029,2026-01-15,Opponent 2,0,0,5,8.82,32.81,1,82.4,85
p029,2026-01-22,Opponent 3,0,1,7,9.3,28.3,1,78.67,75
p029,2026-01-29,Opponent 4,0,1,2,8.7,35.94,6,70.06,75
p029,2026-02-05,Opponent 5,1,0,4,7.53,35.25,3,87.12,60
p029,2026-02-12,Opponent 6,1,0,0,11.84,27.36,3,80.58,90
p029,2026-02-19,Opponent 7,0,0,5,12.35,35.37,1,70.16,75
p029,2026-02-26,Opponent 8,0,0,7,8.18,34.1,3,88.38,80
p029,2026-03-05,Opponent 9,0,0,7,9.27,26.79,6,80.43,90
p029,2026-03-12,Opponent 10,0,0,5,9.43,29.72,0,84.27,90
p029,2026-03-19,Opponent 11,1,0,0,12.06,26.25,6,83.08,90
p029,2026-03-26,Opponent 12,0,1,3,11.6,26.9,3,76.1,85
p030,2026-01-08,Opponent 1,1,0,4,13.0,32.65,3,82.91,90
p030,2026-01-15,Opponent 2,2,0,0,9.41,24.0,1,90.36,70
p030,2026-01-22,Opponent 3,0,0,6,11.0,29.6,5,76.42,60
p030,2026-01-29,Opponent 4,0,1,2,9.12,34.11,3,84.87,70
p030,2026-02-05,Opponent 5,1,1,3,11.55,25.39,6,82.84,60
p030,2026-02-12,Opponent 6,2,0,4,11.78,32.0,0,77.24,75
p030,2026-02-19,Opponent 7,1,0,4,10.35,31.61,4,71.25,85
p030,2026-02-26,Opponent 8,0,0,7,10.1,29.49,1,86.5,75
p030,2026-03-05,Opponent 9,0,0,0,8.62,30.62,3,92.11,60
p030,2026-03-12,Opponent 10,0,0,7,11.39,33.55,6,85.8,70
p030,2026-03-19,Opponent 11,0,1,2,9.39,31.74,4,87.74,90
p030,2026-03-26,Opponent 12,0,1,2,11.5,33.88,5,83.41,80
p031,2026-01-08,Opponent 1,0,0,4,9.77,28.05,5,88.44,90
p031,2026-01-15,Opponent 2,0,0,6,9.48,34.87,3,70.26,75
p031,2026-01-22,Opponent 3,1,0,0,9.37,33.29,6,75.71,80
p031,2026-01-29,Opponent 4,1,0,2,9.8,28.41,4,76.91,85
p031,2026-02-05,Opponent 5,0,0,6,9.59,28.46,2,87.24,85
p031,2026-02-12,Opponent 6,2,1,0,9.25,26.49,2,77.88,75
p031,2026-02-19,Opponent 7,1,0,4,11.98,29.69,1,85.14,60
p031,2026-02-26,Opponent 8,0,0,3,10.77,35.55,3,90.2,60
p031,2026-03-05,Opponent 9,0,0,1,12.88,34.17,2,85.04,75
p031,2026-03-12,Opponent 10,1,1,2,9.06,28.14,3,78.77,90
p031,2026-03-19,Opponent 11,0,1,1,11.64,35.17,3,86.4,75
p031,2026-03-26,Opponent 12,0,0,5,10.68,26.9,4,94.68,90
p032,2026-01-08,Opponent 1,0,0,5,12.07,30.56,5,81.25,90
p032,2026-01-15,Opponent 2,0,1,4,7.8,34.12,2,90.62,75
p032,2026-01-22,Opponent 3,0,0,0,8.68,35.42,2,95.51,60
p032,2026-01-29,Opponent 4,0,0,1,11.06,24.88,5,70.34,90
p032,2026-02-05,Opponent 5,0,1,1,11.69,28.74,1,95.14,85
p032,2026-02-12,Opponent 6,1,0,5,11.34,32.0,2,94.96,70
p032,2026-02-19,Opponent 7,1,0,1,12.21,28.52,3,75.95,75
p032,2026-02-26,Opponent 8,0,1,6,11.87,25.14,4,76.39,85
p032,2026-03-05,Opponent 9,0,0,1,12.91,25.85,6,93.91,75
p032,2026-03-12,Opponent 10,0,0,6,9.73,28.71,4,70.85,75
p032,2026-03-19,Opponent 11,1,0,1,13.45,28.64,4,79.32,80
p032,2026-03-26,Opponent 12,2,1,2,8.83,24.47,1,94.86,90
p033,2026-01-08,Opponent 1,1,1,2,10.88,29.13,3,89.73,75
p033,2026-01-15,Opponent 2,0,0,6,13.18,34.71,4,89.84,70
p033,2026-01-22,Opponent 3,1,0,7,8.62,27.98,6,70.85,90
p033,2026-01-29,Opponent 4,0,0,6,12.78,29.52,6,91.08,85
p033,2026-02-05,Opponent 5,1,0,3,8.41,34.51,6,71.18,80
p033,2026-02-12,Opponent 6,0,0,5,10.78,30.38,4,80.83,90
p033,2026-02-19,Opponent 7,0,0,7,8.86,27.65,4,81.37,75
p033,2026-02-26,Opponent 8,0,0,3,8.85,31.96,6,80.81,85
p033,2026-03-05,Opponent 9,0,0,5,12.41,27.03,2,74.72,90
p033,2026-03-12,Opponent 10,0,1,7,12.03,28.72,4,73.89,75
p033,2026-03-19,Opponent 11,0,0,7,8.5,33.37,0,76.99,70
p033,2026-03-26,Opponent 12,0,0,7,9.28,32.57,4,84.56,60
p034,2026-01-08,Opponent 1,0,0,3,13.33,29.39,1,88.13,75
p034,2026-01-15,Opponent 2,1,0,4,12.67,27.29,2,71.35,60
p034,2026-01-22,Opponent 3,0,0,3,8.44,25.43,0,88.9,85
p034,2026-01-29,Opponent 4,1,0,6,10.54,28.65,3,79.99,75
p034,2026-02-05,Opponent 5,1,1,1,10.13,26.82,2,83.03,90
p034,2026-02-12,Opponent 6,0,1,0,9.35,29.79,4,95.0,90
p034,2026-02-19,Opponent 7,0,0,2,12.78,33.71,6,78.05,70
p034,2026-02-26,Opponent 8,1,1,7,13.11,34.21,6,93.56,70
p034,2026-03-05,Opponent 9,0,0,0,10.79,27.45,2,74.98,80
p034,2026-03-12,Opponent 10,0,0,0,12.77,31.27,2,79.25,70
p034,2026-03-19,Opponent 11,0,0,4,7.93,26.46,6,94.56,85
p034,2026-03-26,Opponent 12,1,0,6,10.01,33.01,3,77.22,70
p035,2026-01-08,Opponent 1,2,0,1,8.58,35.65,4,95.45,60
p035,2026-01-15,Opponent 2,1,0,2,10.62,24.89,2,75.34,60
p035,2026-01-22,Opponent 3,1,0,5,13.31,31.24,6,74.47,90
p035,2026-01-29,Opponent 4,0,0,3,11.09,31.48,6,84.39,85
p035,2026-02-05,Opponent 5,0,1,1,10.2,32.06,5,78.14,80
p035,2026-02-12,Opponent 6,0,0,3,13.18,25.27,1,85.92,75
p035,2026-02-19,Opponent 7,1,0,5,11.25,28.48,4,80.61,60
p035,2026-02-26,Opponent 8,0,1,2,13.25,28.79,4,86.05,90
p035,2026-03-05,Opponent 9,1,0,5,9.46,34.68,4,93.78,80
p035,2026-03-12,Opponent 10,1,0,2,7.55,31.07,0,84.22,60
p035,2026-03-19,Opponent 11,0,0,7,11.42,33.82,6,89.21,60
p035,2026-03-26,Opponent 12,0,0,7,12.97,28.26,1,89.05,70
p036,2026-01-08,Opponent 1,0,0,5,13.21,34.06,5,79.97,80
p036,2026-01-15,Opponent 2,1,0,1,10.58,27.04,2,83.56,75
p036,2026-01-22,Opponent 3,1,0,2,10.73,27.23,3,93.8,85
p036,2026-01-29,Opponent 4,0,1,4,12.74,31.66,5,81.12,80
p036,2026-02-05,Opponent 5,0,0,6,7.88,33.9,5,90.41,70
p036,2026-02-12,Opponent 6,0,0,7,9.95,29.63,3,75.46,60
p036,2026-02-19,Opponent 7,1,0,0,13.04,25.34,4,71.83,70
p036,2026-02-26,Opponent 8,1,0,6,11.61,25.33,4,70.21,80
p036,2026-03-05,Opponent 9,0,0,6,9.03,32.91,1,91.54,60
p036,2026-03-12,Opponent 10,1,1,5,9.63,30.07,6,76.03,60
p036,2026-03-19,Opponent 11,0,0,2,12.47,28.19,0,92.33,70
p036,2026-03-26,Opponent 12,1,0,5,10.14,31.33,4,81.94,85
p037,2026-01-08,Opponent 1,1,0,4,8.49,24.02,1,83.83,80
p037,2026-01-15,Opponent 2,0,0,0,9.57,28.97,1,92.92,70
p037,2026-01-22,Opponent 3,0,0,3,8.21,26.54,2,76.38,90
p037,2026-01-29,Opponent 4,0,0,5,13.26,31.4,4,80.78,60
p037,2026-02-05,Opponent 5,0,0,1,9.97,33.04,4,83.0,75
p037,2026-02-12,Opponent 6,0,0,4,10.7,25.38,0,82.89,85
p037,2026-02-19,Opponent 7,0,0,1,10.57,25.37,1,93.29,70
p037,2026-02-26,Opponent 8,0,0,0,11.17,34.29,2,82.33,85
p037,2026-03-05,Opponent 9,0,0,3,12.79,32.78,0,83.93,60
p037,2026-03-12,Opponent 10,0,1,3,9.5,33.5,5,83.27,75
p037,2026-03-19,Opponent 11,2,0,5,11.39,24.19,1,71.74,90
p037,2026-03-26,Opponent 12,0,0,7,13.31,24.8,0,95.52,70
p038,2026-01-08,Opponent 1,0,1,7,13.16,24.51,2,75.72,90
p038,2026-01-15,Opponent 2,1,0,3,10.29,32.67,1,79.1,75
p038,2026-01-22,Opponent 3,0,1,0,7.53,33.65,4,72.7,60
p038,2026-01-29,Opponent 4,0,0,1,12.19,33.02,6,87.61,80
p038,2026-02-05,Opponent 5,0,0,7,11.78,28.64,3,75.07,80
p038,2026-02-12,Opponent 6,0,0,7,12.05,31.17,1,93.12,85
p038,2026-02-19,Opponent 7,0,0,3,10.34,32.6,5,80.04,75
p038,2026-02-26,Opponent 8,0,0,1,10.05,34.89,3,89.39,60
p038,2026-03-05,Opponent 9,0,0,2,12.43,31.91,0,77.07,90
p038,2026-03-12,Opponent 10,0,0,2,11.32,27.89,4,91.47,85
p038,2026-03-19,Opponent 11,0,0,3,12.44,24.76,4,91.19,80
p038,2026-03-26,Opponent 12,0,1,1,11.69,28.42,3,75.65,85
p039,2026-01-08,Opponent 1,0,0,4,12.83,33.89,3,71.01,70
p039,2026-01-15,Opponent 2,1,0,7,9.45,34.81,4,91.46,70
p039,2026-01-22,Opponent 3,1,0,5,8.07,35.99,2,94.27,75
p039,2026-01-29,Opponent 4,1,1,6,9.32,27.82,2,70.58,75
p039,2026-02-05,Opponent 5,1,0,3,11.43,26.78,5,70.45,70
p039,2026-02-12,Opponent 6,1,0,7,11.22,30.76,4,92.48,70
p039,2026-02-19,Opponent 7,0,0,4,12.04,29.31,1,73.6,60
p039,2026-02-26,Opponent 8,0,0,7,9.77,28.46,3,83.72,75
p039,2026-03-05,Opponent 9,0,0,1,11.4,33.65,3,94.44,90
p039,2026-03-12,Opponent 10,0,0,1,9.67,34.36,6,94.05,80
p039,2026-03-19,Opponent 11,0,0,6,13.35,24.84,5,74.06,80
p039,2026-03-26,Opponent 12,0,0,5,10.23,32.01,4,94.67,70
p040,2026-01-08,Opponent 1,0,1,2,10.22,29.46,3,94.98,75
p040,2026-01-15,Opponent 2,0,2,0,9.16,35.06,1,89.25,80
p040,2026-01-22,Opponent 3,0,0,7,7.9,26.77,0,85.78,80
p040,2026-01-29,Opponent 4,0,0,2,8.77,34.36,6,87.77,75
p040,2026-02-05,Opponent 5,1,2,1,11.65,31.24,0,82.09,85
p040,2026-02-12,Opponent 6,0,0,6,10.11,28.75,0,92.17,90
p040,2026-02-19,Opponent 7,0,0,1,7.93,26.53,1,82.35,70
p040,2026-02-26,Opponent 8,0,0,3,10.13,30.36,4,89.74,80
p040,2026-03-05,Opponent 9,0,1,7,8.82,24.25,1,76.67,60
p040,2026-03-12,Opponent 10,0,0,3,8.76,33.71,6,90.2,90
p040,2026-03-19,Opponent 11,1,0,1,12.48,32.48,5,90.9,85
p040,2026-03-26,Opponent 12,0,1,7,11.24,27.28,5,92.76,60
